id	first_name	last_name	email	gender	ip_address
1	Aubree	Flemmich	aflemmich0@webnode.com	Female	109.113.58.144
2	Bobette	Morilla	bmorilla1@usgs.gov	Female	95.117.144.130
3	Marcelle	Racher	mracher2@redcross.org	Female	82.209.204.218
4	Lawry	Barwick	lbarwick3@ihg.com	Male	169.87.140.246
5	Sonnie	Izkovitz	sizkovitz4@dropbox.com	Female	26.30.28.116
6	Andy	McCracken	amccracken5@chron.com	Female	65.114.15.172
7	Clair	Nayshe	cnayshe6@angelfire.com	Female	219.54.46.181
8	Crichton	Strowlger	cstrowlger7@elegantthemes.com	Male	231.37.194.226
9	Jens	Sear	jsear8@mapquest.com	Male	38.254.146.101
10	Tobe	Ilewicz	tilewicz9@shareasale.com	Male	140.183.99.166
11	Rhodie	Gringley	rgringleya@prlog.org	Female	171.136.147.174
12	Nicolea	Mackro	nmackrob@tinypic.com	Female	228.21.148.89
13	Noby	Digg	ndiggc@cdbaby.com	Male	194.238.159.9
14	Liane	Maliffe	lmaliffed@biblegateway.com	Female	177.150.70.5
15	Pippa	Foote	pfootee@twitpic.com	Female	227.181.117.215
16	Fred	Vecard	fvecardf@digg.com	Female	109.42.10.222
17	Leena	Hickinbottom	lhickinbottomg@craigslist.org	Female	12.193.125.121
18	Celinka	Braben	cbrabenh@live.com	Female	74.124.44.116
19	Avivah	Gaw	agawi@cocolog-nifty.com	Female	29.178.61.79
20	Britteny	Iremonger	biremongerj@e-recht24.de	Female	179.34.177.207
21	Decca	Pinxton	dpinxtonk@furl.net	Male	79.72.136.134
22	Euell	Jolland	ejollandl@home.pl	Male	49.180.254.226
23	Daryle	Belle	dbellem@hhs.gov	Non-binary	80.226.236.43
24	Jean	Le Fevre	jlefevren@hexun.com	Male	24.38.51.139
25	Eduardo	Fante	efanteo@alexa.com	Male	83.144.230.210
26	Bren	Orhtmann	borhtmannp@weibo.com	Female	248.79.173.202
27	Frankie	Lingner	flingnerq@wunderground.com	Female	183.34.164.229
28	Sarita	Cooke	scooker@slashdot.org	Female	88.202.224.209
29	Twyla	Marti	tmartis@scientificamerican.com	Female	90.127.211.75
30	Alfreda	Riggey	ariggeyt@myspace.com	Female	42.182.12.147
31	Hermia	Jerram	hjerramu@state.gov	Female	92.180.98.60
32	Marco	Ber	mberv@adobe.com	Male	176.60.42.228
33	Baird	Dunbar	bdunbarw@cpanel.net	Male	17.39.151.89
34	Augie	Magwood	amagwoodx@netlog.com	Male	67.125.36.42
35	Shena	McWhinnie	smcwhinniey@multiply.com	Female	6.29.225.143
36	Hyacinthie	Garrood	hgarroodz@sina.com.cn	Female	120.113.73.150
37	Randie	MacMickan	rmacmickan10@ft.com	Male	19.216.133.6
38	Granthem	Jennaroy	gjennaroy11@cafepress.com	Male	34.158.179.196
39	Packston	Davidof	pdavidof12@gnu.org	Male	36.102.184.239
40	Orly	Harpham	oharpham13@woothemes.com	Female	4.141.191.195
41	Stanley	Welbourn	swelbourn14@un.org	Male	51.127.138.196
42	Suzie	Haysar	shaysar15@unblog.fr	Female	138.227.219.231
43	Winne	Gallaher	wgallaher16@washingtonpost.com	Female	
44	Stearne	Lawee	slawee17@webmd.com	Male	27.224.180.81
45	Maura	Minshaw	mminshaw18@de.vu	Female	103.248.196.140
46	Odey	Frascone	ofrascone19@zimbio.com	Male	113.245.68.67
47	Aundrea	Chopping	achopping1a@zdnet.com	Female	75.133.178.254
48	Jeralee	Groarty	jgroarty1b@typepad.com	Female	18.5.129.29
49	Mile	Scemp	mscemp1c@house.gov	Male	102.46.15.207
50	Geno	Scotchmur	gscotchmur1d@merriam-webster.com	Male	124.67.251.130
51	Kimberli	Bourdon	kbourdon1e@artisteer.com	Female	164.102.39.83
52	Forbes	Round	fround1f@is.gd	Male	161.167.207.100
53	Riane	Pape	rpape1g@nytimes.com	Female	136.178.75.219
54	Josselyn	Sotworth	jsotworth1h@wiley.com	Female	34.207.44.187
55	Randolph	Gresty	rgresty1i@earthlink.net	Male	54.159.32.98
56	Roze	Hardway	rhardway1j@microsoft.com	Female	34.171.167.223
57	Sadye	Kimpton	skimpton1k@tinypic.com	Female	64.25.64.174
58	Cesar	Irnys	cirnys1l@people.com.cn	Agender	128.167.120.4
59	Kali	Buist	kbuist1m@dropbox.com	Female	0.0.22.206
60	Willette	Hasel	whasel1n@purevolume.com	Bigender	83.208.68.253
61	Rickert	Shrimpton	rshrimpton1o@blogtalkradio.com	Male	
62	Kristi	Ellsom	kellsom1p@eepurl.com	Female	56.40.21.73
63	Francene	Boot	fboot1q@barnesandnoble.com	Female	12.216.23.139
64	Murdock	Labone	mlabone1r@nps.gov	Male	178.192.188.87
65	Gonzalo	McNeigh	gmcneigh1s@arstechnica.com	Male	129.156.167.28
66	Umberto	Giotto	ugiotto1t@geocities.com	Male	187.110.224.84
67	Zacherie	Launder	zlaunder1u@indiatimes.com	Male	230.212.70.220
68	Cyb	Abate	cabate1v@google.co.jp	Female	38.82.127.158
69	Emlynne	Cuttle	ecuttle1w@epa.gov	Female	175.150.149.137
70	Octavius	Alleway	oalleway1x@livejournal.com	Male	233.136.0.132
71	Shauna	Kirstein	skirstein1y@utexas.edu	Female	176.202.60.190
72	Ardisj	Lerwill	alerwill1z@rakuten.co.jp	Non-binary	208.155.180.123
73	Giovanna	Dominichetti	gdominichetti20@go.com	Female	
74	Leslie	Raymond	lraymond21@pbs.org	Male	170.249.221.163
75	Gerek	Esche	gesche22@theguardian.com	Male	164.9.103.16
76	Benjamin	Domingues	bdomingues23@clickbank.net	Male	70.193.49.66
77	Dot	Storton	dstorton24@jigsy.com	Female	41.6.67.120
78	Jerrilyn	Gommes	jgommes25@yahoo.co.jp	Female	182.222.208.96
79	Arel	Mullally	amullally26@cpanel.net	Male	240.89.62.29
80	Russell	Milier	rmilier27@earthlink.net	Male	48.89.111.24
81	Nerissa	Winterburn	nwinterburn28@fda.gov	Non-binary	56.251.63.118
82	Courtnay	Baton	cbaton29@miibeian.gov.cn	Male	49.36.201.214
83	Pail	Juara	pjuara2a@census.gov	Male	225.179.242.252
84	Alyse	Lipprose	alipprose2b@meetup.com	Female	29.155.43.174
85	Amber	Waything	awaything2c@hp.com	Female	120.46.118.114
86	Cindi	Gluyas	cgluyas2d@dailymotion.com	Female	137.128.6.196
87	Anatol	Brood	abrood2e@sfgate.com	Male	25.239.132.194
88	Lena	Dragge	ldragge2f@nih.gov	Female	98.238.166.162
89	Cari	Crumbie	ccrumbie2g@smh.com.au	Female	160.35.198.166
90	Shannan	Isacsson	sisacsson2h@illinois.edu	Male	205.190.254.86
91	Courtnay	Korpal	ckorpal2i@army.mil	Male	83.234.181.33
92	Carter	Goodband	cgoodband2j@moonfruit.com	Male	138.87.64.249
93	Thornie	Sharkey	tsharkey2k@altervista.org	Male	168.74.166.238
94	Kit	Kock	kkock2l@sun.com	Male	218.173.135.148
95	Rose	Everitt	reveritt2m@so-net.ne.jp	Female	229.172.23.139
96	Brooke	Buddock	bbuddock2n@cloudflare.com	Male	150.14.29.190
97	Emmott	Rochewell	erochewell2o@plala.or.jp	Male	103.133.253.105
98	Valeria	Presnell	vpresnell2p@nps.gov	Female	72.177.23.131
99	Debby	Hedling	dhedling2q@census.gov	Female	191.8.189.185
100	Julissa	Loftin	jloftin2r@cornell.edu	Female	77.58.63.245
101	Elsworth	Wreiford	ewreiford2s@etsy.com	Non-binary	
102	Cory	Tripp	ctripp2t@printfriendly.com	Female	
103	Breena	Chaundy	bchaundy2u@last.fm	Female	243.167.160.154
104	Antoni	Coale	acoale2v@tuttocitta.it	Male	20.230.211.190
105	Claire	Keoghane	ckeoghane2w@google.cn	Male	
106	Loise	Smetoun	lsmetoun2x@nih.gov	Female	
107	Odelle	Chateau	ochateau2y@cnn.com	Female	211.62.150.220
108	Don	Antrim	dantrim2z@wisc.edu	Male	41.5.171.166
109	Margi	Kipping	mkipping30@tripadvisor.com	Female	185.33.158.112
110	Joel	Malarkey	jmalarkey31@photobucket.com	Male	68.242.120.67
111	Anton	Waiting	awaiting32@dagondesign.com	Male	
112	Barth	Walsh	bwalsh33@typepad.com	Male	171.86.28.113
113	Juliana	O'Downe	jodowne34@auda.org.au	Female	116.184.158.253
114	Korie	Handlin	khandlin35@cocolog-nifty.com	Female	145.229.154.205
115	Gran	Hargate	ghargate36@photobucket.com	Male	212.94.199.90
116	Beckie	Beazer	bbeazer37@jimdo.com	Female	49.79.65.25
117	Nataline	Schmuhl	nschmuhl38@skype.com	Female	91.25.128.156
118	Fonsie	Edgin	fedgin39@networkadvertising.org	Genderfluid	194.54.71.163
119	Reube	Haywood	rhaywood3a@geocities.jp	Male	182.189.68.29
120	Tracy	Finden	tfinden3b@g.co	Male	
121	Murdock	Mundle	mmundle3c@imdb.com	Male	50.18.169.245
122	Magdalena	Parkeson	mparkeson3d@mysql.com	Female	83.191.55.232
123	Elayne	Durgan	edurgan3e@example.com	Female	96.154.204.151
124	Arv	Estabrook	aestabrook3f@arizona.edu	Male	196.172.250.249
125	Maddy	Fowle	mfowle3g@state.gov	Female	245.232.0.12
126	Cameron	Nipper	cnipper3h@illinois.edu	Male	33.30.213.243
127	Marge	Toomey	mtoomey3i@icq.com	Female	117.181.253.209
128	Shanan	Grayling	sgrayling3j@virginia.edu	Male	213.252.162.154
129	Noella	Ceresa	nceresa3k@mtv.com	Female	154.109.247.7
130	Toddy	Von Der Empten	tvonderempten3l@exblog.jp	Male	123.91.233.47
131	Norry	Rozenzweig	nrozenzweig3m@uol.com.br	Male	142.21.61.234
132	Katrina	Durrell	kdurrell3n@printfriendly.com	Female	178.210.208.0
133	Talbot	Glancey	tglancey3o@feedburner.com	Male	175.193.97.175
134	Putnam	Shawley	pshawley3p@simplemachines.org	Male	110.243.252.15
135	Emily	Snar	esnar3q@smugmug.com	Polygender	135.179.9.94
136	Elfreda	Lindwasser	elindwasser3r@eventbrite.com	Bigender	205.15.2.148
137	Eulalie	Wase	ewase3s@symantec.com	Female	
138	Kory	Hegges	khegges3t@usgs.gov	Male	172.122.23.224
139	Lazar	Cromar	lcromar3u@prweb.com	Male	151.14.146.138
140	Shirleen	Saggers	ssaggers3v@plala.or.jp	Female	86.43.181.146
141	Sonya	Henrionot	shenrionot3w@census.gov	Female	76.65.1.114
142	Madonna	Sirl	msirl3x@ft.com	Female	177.91.140.73
143	Burke	Kneale	bkneale3y@washingtonpost.com	Male	199.7.253.38
144	Herby	Puddle	hpuddle3z@furl.net	Male	49.190.187.143
145	Cary	Hamper	champer40@vk.com	Female	17.5.167.114
146	Rosie	Goodson	rgoodson41@gravatar.com	Female	16.240.195.41
147	Vivyanne	Winnard	vwinnard42@illinois.edu	Female	193.217.118.219
148	Milka	Walak	mwalak43@reference.com	Female	200.151.252.50
149	Roth	Huskinson	rhuskinson44@so-net.ne.jp	Male	26.235.101.75
150	Eleonora	Wigsell	ewigsell45@baidu.com	Female	195.245.97.180
151	Conway	Holtom	choltom46@oakley.com	Male	189.148.143.95
152	Marysa	Wooller	mwooller47@trellian.com	Female	182.12.132.54
153	Cecilio	Kynnd	ckynnd48@jimdo.com	Male	173.170.25.254
154	Egan	Albrooke	ealbrooke49@walmart.com	Male	
155	Hiram	Feron	hferon4a@statcounter.com	Male	102.99.165.49
156	Matthus	Antyukhin	mantyukhin4b@eepurl.com	Male	163.128.92.36
157	Anthony	Hasslocher	ahasslocher4c@nyu.edu	Male	252.41.126.228
158	Spence	Clarycott	sclarycott4d@google.de	Male	255.231.116.148
159	Kellia	Manton	kmanton4e@theguardian.com	Female	65.12.72.150
160	Barbabas	Alkin	balkin4f@ibm.com	Male	229.139.143.156
161	Ulick	Lathan	ulathan4g@digg.com	Male	156.185.155.80
162	Annice	Dibble	adibble4h@wix.com	Female	129.129.182.178
163	Jessi	Cartman	jcartman4i@aol.com	Female	39.43.195.115
164	Kalvin	Pizer	kpizer4j@tuttocitta.it	Male	161.89.35.206
165	Agretha	Creeboe	acreeboe4k@deviantart.com	Female	238.103.250.209
166	Riane	Mouncey	rmouncey4l@jigsy.com	Female	104.249.39.134
167	Lynda	Maynard	lmaynard4m@soup.io	Female	220.159.34.160
168	Stacee	Itzchaky	sitzchaky4n@rediff.com	Female	82.245.195.191
169	Nisse	Bodycombe	nbodycombe4o@newsvine.com	Female	108.143.213.76
170	Esteban	Hyndes	ehyndes4p@instagram.com	Male	232.40.104.138
171	Cornelius	Bail	cbail4q@boston.com	Male	72.130.115.188
172	Levon	Vescovini	lvescovini4r@moonfruit.com	Bigender	46.2.139.82
173	Reiko	MacKenzie	rmackenzie4s@networksolutions.com	Female	51.249.137.188
174	Cathrin	Sefton	csefton4t@paginegialle.it	Female	80.235.86.51
175	Shelden	Varran	svarran4u@edublogs.org	Male	162.129.79.107
176	Keene	Dener	kdener4v@typepad.com	Male	
177	Zerk	Yter	zyter4w@networksolutions.com	Male	168.22.205.83
178	Lincoln	Bootton	lbootton4x@mail.ru	Male	238.208.235.62
179	Hyacinthe	Montford	hmontford4y@bbc.co.uk	Polygender	10.130.90.116
180	Hadlee	Emmott	hemmott4z@pagesperso-orange.fr	Male	219.127.154.195
181	Tammie	Wyre	twyre50@digg.com	Male	212.10.166.45
182	Lambert	Eilers	leilers51@dailymail.co.uk	Male	
183	Adeline	Cleever	acleever52@globo.com	Female	132.185.99.102
184	Creight	Venturoli	cventuroli53@psu.edu	Male	133.225.233.206
185	Andras	Orta	aorta54@bloglovin.com	Male	26.56.111.10
186	Israel	Petrussi	ipetrussi55@vimeo.com	Male	140.34.228.27
187	Bert	Lumsden	blumsden56@dot.gov	Female	2.26.191.18
188	Ivar	Glassford	iglassford57@ehow.com	Male	228.50.44.226
189	Rance	Kempston	rkempston58@ibm.com	Male	53.84.122.243
190	Dix	Lowis	dlowis59@so-net.ne.jp	Female	241.111.219.201
191	Boone	Bumpas	bbumpas5a@sphinn.com	Male	13.80.254.31
192	Auguste	Mabson	amabson5b@ucoz.com	Female	40.145.171.107
193	Germaine	Cromblehome	gcromblehome5c@ameblo.jp	Female	72.136.166.224
194	Zedekiah	Sheeran	zsheeran5d@alibaba.com	Bigender	236.133.26.123
195	Chicky	Novkovic	cnovkovic5e@amazon.co.uk	Female	242.108.77.167
196	Erek	Brightey	ebrightey5f@symantec.com	Male	85.1.243.246
197	Patrizio	Stanlick	pstanlick5g@ycombinator.com	Male	203.230.117.161
198	Marlo	Gianasi	mgianasi5h@apple.com	Male	151.154.152.23
199	Shirleen	Bowker	sbowker5i@sun.com	Female	94.234.167.101
200	Lorenza	Durrans	ldurrans5j@deliciousdays.com	Female	120.224.48.32
201	Dion	Connett	dconnett5k@clickbank.net	Female	73.242.38.27
202	Tulley	Tuft	ttuft5l@theglobeandmail.com	Male	173.217.254.185
203	Alicea	Crothers	acrothers5m@flavors.me	Female	197.70.124.86
204	Katee	Nasey	knasey5n@nationalgeographic.com	Female	53.161.63.182
205	Norah	Karpeev	nkarpeev5o@artisteer.com	Female	249.4.170.183
206	Trumaine	Darco	tdarco5p@biblegateway.com	Male	36.224.178.20
207	Birgit	Banghe	bbanghe5q@discuz.net	Female	59.156.154.171
208	Kylynn	Phythean	kphythean5r@stumbleupon.com	Female	110.35.177.145
209	Nap	Landa	nlanda5s@kickstarter.com	Male	59.251.161.101
210	Ashley	Bleyman	ableyman5t@angelfire.com	Male	38.67.56.223
211	Dominique	Brocklebank	dbrocklebank5u@home.pl	Male	106.156.174.84
212	Cicely	Chesley	cchesley5v@slate.com	Female	174.61.117.85
213	Jemima	Purver	jpurver5w@phoca.cz	Female	27.234.120.221
214	Parrnell	Dommerque	pdommerque5x@123-reg.co.uk	Male	103.79.234.23
215	Rosalind	Cozby	rcozby5y@europa.eu	Female	15.232.136.156
216	Ariel	Biddles	abiddles5z@wordpress.org	Female	140.91.203.125
217	Ermengarde	Ajean	eajean60@ocn.ne.jp	Female	104.145.73.24
218	Tye	Noone	tnoone61@spotify.com	Male	54.209.109.4
219	Carita	Gribbell	cgribbell62@networksolutions.com	Female	48.122.145.168
220	Horatius	Gaize	hgaize63@mozilla.com	Male	201.54.182.164
221	Garik	Hazleton	ghazleton64@wiley.com	Male	255.221.61.191
222	Obadias	Braniff	obraniff65@cyberchimps.com	Male	120.219.33.31
223	Thornton	Knottley	tknottley66@marketwatch.com	Male	216.174.134.53
224	George	Cornhill	gcornhill67@facebook.com	Female	237.24.209.171
225	Tabbie	Bretherick	tbretherick68@patch.com	Male	124.165.194.19
226	Mellicent	Forsdike	mforsdike69@dell.com	Female	103.113.202.41
227	Stefania	Lightwing	slightwing6a@cbslocal.com	Female	251.148.236.139
228	Gerald	Cholwell	gcholwell6b@constantcontact.com	Male	82.98.23.67
229	Hynda	Kehri	hkehri6c@reuters.com	Female	235.16.35.106
230	Wilfrid	Gannicleff	wgannicleff6d@europa.eu	Male	206.5.35.21
231	Brandea	Dugue	bdugue6e@blogs.com	Female	179.93.223.66
232	Gill	MacArd	gmacard6f@hhs.gov	Female	171.68.141.26
233	Cinda	Sterzaker	csterzaker6g@facebook.com	Female	116.31.179.137
234	Brent	Sidebotham	bsidebotham6h@hatena.ne.jp	Male	148.30.192.186
235	Brucie	Cutill	bcutill6i@netlog.com	Male	204.58.191.166
236	Adriena	Flement	aflement6j@microsoft.com	Genderfluid	143.255.85.234
237	Viviene	Clowley	vclowley6k@so-net.ne.jp	Female	152.15.149.20
238	Kassia	Izhaky	kizhaky6l@virginia.edu	Female	211.6.145.251
239	Zara	Braycotton	zbraycotton6m@prlog.org	Female	120.255.141.131
240	Neala	Doulton	ndoulton6n@de.vu	Female	111.189.3.210
241	Glenden	Munkley	gmunkley6o@salon.com	Male	238.11.99.237
242	Mason	Oswald	moswald6p@mlb.com	Male	6.69.251.36
243	Eugenie	Loseby	eloseby6q@51.la	Female	75.113.135.93
244	Brose	Batcock	bbatcock6r@utexas.edu	Male	229.93.65.173
245	Estevan	Primarolo	eprimarolo6s@alexa.com	Male	85.41.118.248
246	Janette	Frascone	jfrascone6t@yale.edu	Non-binary	
247	Kane	Stanistreet	kstanistreet6u@ezinearticles.com	Male	73.72.27.244
248	Easter	Frow	efrow6v@alibaba.com	Female	86.39.128.202
249	Rourke	Sancto	rsancto6w@tripadvisor.com	Male	211.84.141.118
250	Donnajean	Grugerr	dgrugerr6x@artisteer.com	Female	226.249.180.216
251	Chevalier	Dust	cdust6y@weibo.com	Male	74.37.140.74
252	Peria	Harrinson	pharrinson6z@ibm.com	Female	83.132.20.132
253	Bartlet	Rudram	brudram70@newyorker.com	Male	167.250.103.252
254	Noah	Trasler	ntrasler71@photobucket.com	Male	236.26.15.114
255	Diarmid	Stedall	dstedall72@lycos.com	Male	155.213.153.180
256	Kippy	Yeiles	kyeiles73@youku.com	Male	
257	Ediva	McAless	emcaless74@state.gov	Female	58.120.197.172
258	Emmerich	Zorro	ezorro75@epa.gov	Male	176.28.173.42
259	Noach	Erickson	nerickson76@godaddy.com	Bigender	164.9.92.33
260	Waverley	Agney	wagney77@arstechnica.com	Male	116.158.153.181
261	Alaster	McCoughan	amccoughan78@symantec.com	Genderfluid	130.128.124.4
262	Ansley	O'Sirin	aosirin79@google.co.uk	Bigender	150.13.189.112
263	Lauralee	Gudahy	lgudahy7a@dion.ne.jp	Agender	30.127.16.128
264	Ileane	Torritti	itorritti7b@newsvine.com	Bigender	9.104.231.123
265	Maison	Roly	mroly7c@wordpress.org	Male	28.213.152.211
266	Micheal	McCluney	mmccluney7d@amazon.de	Male	80.175.191.244
267	Nicky	Tenwick	ntenwick7e@purevolume.com	Male	192.89.94.87
268	Frances	Mouton	fmouton7f@dropbox.com	Female	183.154.166.36
269	Mariellen	Haile	mhaile7g@i2i.jp	Female	233.214.231.4
270	Holli	Valdes	hvaldes7h@foxnews.com	Female	213.96.31.254
271	Mendie	Gairdner	mgairdner7i@quantcast.com	Male	207.37.32.110
272	Joshia	Simak	jsimak7j@blog.com	Agender	154.145.151.13
273	Willow	Burwood	wburwood7k@sciencedaily.com	Female	120.188.52.150
274	Thom	Dockwra	tdockwra7l@senate.gov	Male	94.208.36.50
275	Wilmette	Lawdham	wlawdham7m@theatlantic.com	Female	129.126.142.69
276	Orin	Ondrus	oondrus7n@nature.com	Male	34.49.49.175
277	Nester	O'Brallaghan	nobrallaghan7o@go.com	Male	255.65.23.87
278	Mayor	Ledwidge	mledwidge7p@typepad.com	Male	207.196.149.85
279	Umeko	Setch	usetch7q@walmart.com	Female	134.20.124.104
280	Stevana	Eland	seland7r@naver.com	Female	246.134.202.24
281	Garvy	Ruzek	gruzek7s@123-reg.co.uk	Male	149.157.168.173
282	Aharon	Hyndman	ahyndman7t@digg.com	Male	17.241.59.53
283	Neron	McQueen	nmcqueen7u@spiegel.de	Male	108.46.119.50
284	Fairleigh	Dudny	fdudny7v@yahoo.com	Male	158.111.71.143
285	Gregoor	Silverson	gsilverson7w@ucsd.edu	Male	204.161.24.219
286	Astrix	Iddison	aiddison7x@bloglovin.com	Female	40.20.72.219
287	Tyrone	Shoebottom	tshoebottom7y@europa.eu	Male	59.45.242.42
288	Aubrey	Decroix	adecroix7z@bloomberg.com	Female	25.156.1.241
289	Euell	Stoodale	estoodale80@webnode.com	Male	247.68.30.16
290	Flynn	Garfirth	fgarfirth81@dot.gov	Genderfluid	120.225.58.2
291	Kerstin	Alten	kalten82@dell.com	Female	242.23.7.75
292	Bondy	Braybrookes	bbraybrookes83@hao123.com	Male	253.109.148.104
293	Natassia	Feander	nfeander84@msu.edu	Female	102.213.250.67
294	Naoma	Bernette	nbernette85@wikispaces.com	Female	240.34.84.92
295	Elmer	McKeeman	emckeeman86@auda.org.au	Male	210.89.61.88
296	Kania	Antonazzi	kantonazzi87@imdb.com	Female	
297	Benedikt	Wands	bwands88@usnews.com	Male	254.122.240.4
298	Damita	Paterson	dpaterson89@barnesandnoble.com	Female	194.133.155.39
299	Hilary	Borman	hborman8a@newsvine.com	Male	127.116.237.44
300	Nolana	Weatherhead	nweatherhead8b@fc2.com	Female	251.240.250.130
301	Malena	Yurocjhin	myurocjhin8c@freewebs.com	Female	106.254.175.124
302	Putnam	Dalgliesh	pdalgliesh8d@alibaba.com	Male	158.143.166.132
303	Korella	Posse	kposse8e@cbsnews.com	Female	80.103.131.71
304	Waneta	Persian	wpersian8f@telegraph.co.uk	Female	
305	Burke	Oddy	boddy8g@tripod.com	Male	169.193.34.148
306	Bale	Rate	brate8h@google.cn	Male	213.154.87.246
307	Keri	Rocco	krocco8i@yale.edu	Female	88.35.63.129
308	Seana	Crebott	screbott8j@nydailynews.com	Female	250.46.201.53
309	Mordecai	Tessington	mtessington8k@psu.edu	Male	136.227.81.142
310	Zeke	Eaves	zeaves8l@etsy.com	Male	3.27.65.189
311	Matthus	Lafferty	mlafferty8m@walmart.com	Genderfluid	48.84.85.94
312	Catherine	Grove	cgrove8n@cdbaby.com	Female	253.248.22.163
313	Eadmund	Leist	eleist8o@merriam-webster.com	Male	224.18.158.36
314	Marlin	Weedon	mweedon8p@hud.gov	Male	196.228.74.246
315	Eloisa	Slany	eslany8q@shinystat.com	Female	145.89.27.9
316	Farr	O'Nions	fonions8r@163.com	Male	133.24.164.97
317	Joseph	Dalrymple	jdalrymple8s@woothemes.com	Male	185.210.184.89
318	Ike	Sigsworth	isigsworth8t@hugedomains.com	Male	150.246.104.205
319	Thebault	Northern	tnorthern8u@etsy.com	Male	186.212.177.73
320	Glyn	Broun	gbroun8v@nsw.gov.au	Female	249.112.29.226
321	Akim	Behrens	abehrens8w@craigslist.org	Non-binary	44.156.202.159
322	Debora	Mailes	dmailes8x@washingtonpost.com	Female	56.31.246.58
323	Whit	Tomblett	wtomblett8y@mysql.com	Male	63.146.212.111
324	Perl	Esparza	pesparza8z@thetimes.co.uk	Female	30.57.19.75
325	Faustina	Rockliffe	frockliffe90@dmoz.org	Female	37.138.159.31
326	Iolanthe	Crayden	icrayden91@ed.gov	Female	117.174.218.6
327	Odele	Asken	oasken92@dion.ne.jp	Female	
328	Leigh	Westrip	lwestrip93@edublogs.org	Male	40.7.140.28
329	Franny	Deschlein	fdeschlein94@accuweather.com	Male	152.215.65.111
330	Lazare	Glamart	lglamart95@cisco.com	Male	98.154.13.32
331	Andra	Ringer	aringer96@hud.gov	Female	170.10.137.3
332	Thain	Barenskie	tbarenskie97@independent.co.uk	Male	203.145.170.131
333	Wolf	Loren	wloren98@nationalgeographic.com	Male	224.19.247.151
334	Byran	Cranch	bcranch99@cloudflare.com	Male	167.212.18.86
335	Missy	Regler	mregler9a@nyu.edu	Female	37.114.1.213
336	Joshua	Friend	jfriend9b@dell.com	Male	60.9.239.82
337	Shepperd	Breche	sbreche9c@mlb.com	Male	51.241.164.223
338	Dolf	O'Mohun	domohun9d@cbc.ca	Male	177.138.170.20
339	Una	Fink	ufink9e@mysql.com	Female	211.28.142.28
340	Darb	Creek	dcreek9f@google.es	Male	170.113.189.195
341	Sarene	Reeks	sreeks9g@freewebs.com	Female	142.202.45.177
342	Rabbi	Robbel	rrobbel9h@auda.org.au	Male	102.147.137.68
343	Craggie	Cholwell	ccholwell9i@hatena.ne.jp	Male	120.242.140.7
344	Peadar	Vedmore	pvedmore9j@nsw.gov.au	Male	241.26.96.200
345	Emmott	Crosse	ecrosse9k@tuttocitta.it	Male	39.132.179.50
346	Shirline	Delgaty	sdelgaty9l@facebook.com	Female	197.25.233.69
347	Malchy	O'Harney	moharney9m@geocities.jp	Male	150.39.248.76
348	Alexandro	Haveline	ahaveline9n@jiathis.com	Male	138.19.33.76
349	Ivette	Olivet	iolivet9o@reuters.com	Female	
350	Sidnee	Benedit	sbenedit9p@over-blog.com	Male	225.99.39.202
351	Melosa	Levensky	mlevensky9q@hao123.com	Female	221.107.24.151
352	Tilda	Jeayes	tjeayes9r@theatlantic.com	Female	43.255.136.200
353	Bjorn	Clowsley	bclowsley9s@wordpress.org	Male	254.14.85.48
354	Marge	Readmire	mreadmire9t@issuu.com	Female	254.223.193.69
355	Binny	Styles	bstyles9u@a8.net	Female	192.229.237.74
356	Hamnet	Saffer	hsaffer9v@nba.com	Agender	223.23.92.142
357	Dal	Lightwing	dlightwing9w@devhub.com	Male	171.120.159.0
358	Frazer	Futcher	ffutcher9x@imgur.com	Male	231.161.184.24
359	Ruttger	Medlar	rmedlar9y@mapquest.com	Male	22.210.195.236
360	Seward	Sherburn	ssherburn9z@home.pl	Male	32.93.77.37
361	Gertrudis	Bygott	gbygotta0@illinois.edu	Female	119.72.160.213
362	Lucio	Etoile	letoilea1@issuu.com	Male	123.152.9.128
363	Merrily	Cerith	mceritha2@lulu.com	Female	78.197.7.72
364	Faustine	Shakeshaft	fshakeshafta3@pbs.org	Female	242.190.234.180
365	Clair	Weatherell	cweatherella4@nyu.edu	Male	103.194.225.14
366	Man	Tissier	mtissiera5@amazonaws.com	Male	1.126.56.248
367	Madelin	Budik	mbudika6@live.com	Female	181.212.188.220
368	Tana	Stoade	tstoadea7@hhs.gov	Female	102.88.130.73
369	Dick	Artz	dartza8@hp.com	Male	151.136.210.46
370	Florance	Hayden	fhaydena9@disqus.com	Female	17.154.46.221
371	Sutton	Huchot	shuchotaa@hostgator.com	Male	79.190.240.121
372	Kelila	Gatehouse	kgatehouseab@booking.com	Genderqueer	223.176.49.78
373	Eartha	Billany	ebillanyac@chicagotribune.com	Genderfluid	187.112.133.206
374	Gerome	Mendes	gmendesad@constantcontact.com	Genderfluid	149.62.118.72
375	Dillie	Trownson	dtrownsonae@printfriendly.com	Male	173.37.82.234
376	Irving	Illsley	iillsleyaf@princeton.edu	Bigender	142.153.137.165
377	Fabien	Yantsev	fyantsevag@sitemeter.com	Male	35.132.116.79
378	Christi	De Bruijne	cdebruijneah@sohu.com	Female	232.213.144.103
379	Amelina	de Voiels	adevoielsai@eventbrite.com	Polygender	65.39.24.77
380	Nicol	Lerigo	nlerigoaj@foxnews.com	Male	251.218.198.83
381	Randal	Driscoll	rdriscollak@salon.com	Male	156.249.133.40
382	Alexandra	Bischop	abischopal@sfgate.com	Female	16.61.168.103
383	Devondra	Jacobssen	djacobssenam@addthis.com	Female	27.180.175.233
384	Ulrika	Canty	ucantyan@nasa.gov	Female	249.120.97.182
385	Trever	Callicott	tcallicottao@goodreads.com	Male	104.233.144.141
386	Allyce	Swendell	aswendellap@google.com	Female	225.95.213.89
387	Morgun	Pummery	mpummeryaq@sina.com.cn	Male	4.13.69.42
388	Stinky	Hendron	shendronar@etsy.com	Male	137.113.235.74
389	Galvan	Mendez	gmendezas@livejournal.com	Male	240.254.75.2
390	Fernandina	Lappin	flappinat@mlb.com	Female	133.218.23.165
391	Simonette	Burghill	sburghillau@jugem.jp	Female	202.25.5.33
392	Cello	Elldred	celldredav@noaa.gov	Male	205.211.186.131
393	Babbette	McNaughton	bmcnaughtonaw@theglobeandmail.com	Female	128.76.228.194
394	Maxi	Frow	mfrowax@technorati.com	Genderqueer	25.230.202.255
395	Kristo	Dorgon	kdorgonay@cnn.com	Male	88.147.88.98
396	Loise	Goaks	lgoaksaz@rakuten.co.jp	Female	
397	Filberte	Sermin	fserminb0@php.net	Male	211.40.13.34
398	Vania	Weedon	vweedonb1@oakley.com	Female	62.177.18.2
399	Hillery	Weatherley	hweatherleyb2@berkeley.edu	Male	135.190.246.199
400	Lambert	Micklewright	lmicklewrightb3@google.de	Male	158.202.112.37
401	Raff	Cluatt	rcluattb4@ox.ac.uk	Male	215.220.9.180
402	Maddie	Cowsby	mcowsbyb5@apple.com	Male	133.120.179.195
403	Gardener	Egdale	gegdaleb6@zdnet.com	Male	40.159.161.148
404	Francklyn	Malimoe	fmalimoeb7@so-net.ne.jp	Male	224.81.210.96
405	Frederigo	Gittus	fgittusb8@yahoo.com	Male	118.196.75.70
406	Fania	Allender	fallenderb9@yolasite.com	Female	144.60.36.48
407	Sherlock	Covendon	scovendonba@51.la	Polygender	47.30.91.153
408	Waiter	Padly	wpadlybb@usgs.gov	Agender	85.45.37.111
409	Smitty	Woodrooffe	swoodrooffebc@disqus.com	Male	198.200.37.226
410	Hatti	Ludlem	hludlembd@google.com.hk	Female	22.140.254.254
411	Melvyn	Noades	mnoadesbe@virginia.edu	Genderqueer	180.207.27.148
412	Dilly	Leppingwell	dleppingwellbf@mail.ru	Male	153.103.0.15
413	Blanca	Glandon	bglandonbg@uiuc.edu	Female	
414	Delores	Langstaff	dlangstaffbh@sciencedaily.com	Polygender	186.196.104.227
415	Delmore	Verzey	dverzeybi@mayoclinic.com	Male	200.34.163.91
416	Christel	Colclough	ccolcloughbj@un.org	Female	99.138.32.233
417	Farris	Serman	fsermanbk@e-recht24.de	Male	210.9.200.82
418	Cedric	Stanway	cstanwaybl@foxnews.com	Male	195.86.225.42
419	Janey	Itzhayek	jitzhayekbm@miitbeian.gov.cn	Female	173.246.228.12
420	Aubrette	Dimmer	adimmerbn@squarespace.com	Female	117.233.233.92
421	Humberto	Cowwell	hcowwellbo@umich.edu	Male	184.64.186.140
422	Phillida	Trail	ptrailbp@about.com	Female	241.216.225.85
423	Augie	Sibley	asibleybq@paginegialle.it	Male	139.96.188.95
424	Alice	O'Neill	aoneillbr@reddit.com	Female	130.6.173.127
425	Dayna	Plumptre	dplumptrebs@last.fm	Female	124.84.154.231
426	Bunni	Grisenthwaite	bgrisenthwaitebt@tumblr.com	Female	251.53.228.183
427	Eamon	Coulthard	ecoulthardbu@foxnews.com	Male	189.3.214.126
428	Julissa	Hansen	jhansenbv@dropbox.com	Female	146.152.65.180
429	Samantha	Verring	sverringbw@ask.com	Female	43.184.106.19
430	Rivalee	Whightman	rwhightmanbx@umn.edu	Female	165.39.101.139
431	Mindy	Dockreay	mdockreayby@answers.com	Female	140.200.135.188
432	Aimil	Semor	asemorbz@merriam-webster.com	Female	202.144.23.250
433	Caspar	Room	croomc0@360.cn	Male	49.151.115.152
434	Jules	Abramchik	jabramchikc1@dell.com	Male	
435	Nelia	Rape	nrapec2@alibaba.com	Female	235.190.66.122
436	Moss	Laurenty	mlaurentyc3@blogs.com	Male	84.204.166.27
437	Norton	Groves	ngrovesc4@dot.gov	Male	11.243.192.231
438	Veronica	Douberday	vdouberdayc5@behance.net	Female	104.158.200.194
439	Eleanora	Dutson	edutsonc6@archive.org	Non-binary	168.130.233.2
440	Marley	Noquet	mnoquetc7@ucoz.com	Polygender	78.55.141.202
441	Norah	Lawlan	nlawlanc8@uiuc.edu	Female	247.8.120.57
442	Jesus	Bucknall	jbucknallc9@ocn.ne.jp	Male	32.150.130.143
443	Brittne	Cadalleder	bcadallederca@smh.com.au	Female	30.9.9.159
444	Alf	Weakley	aweakleycb@independent.co.uk	Male	173.26.171.122
445	Laughton	Pakes	lpakescc@zdnet.com	Male	217.81.126.134
446	Dun	Allebone	dallebonecd@deliciousdays.com	Male	155.11.154.253
447	Ricoriki	Rubinow	rrubinowce@google.co.jp	Male	2.249.33.8
448	Felicio	Nineham	fninehamcf@blogtalkradio.com	Male	231.86.114.2
449	Tallie	Slator	tslatorcg@house.gov	Female	
450	Agnese	Matteau	amatteauch@symantec.com	Female	37.220.242.115
451	Bret	McGaffey	bmcgaffeyci@pagesperso-orange.fr	Genderqueer	170.130.156.254
452	Madge	Toolin	mtoolincj@nature.com	Female	34.194.205.152
453	Krissy	Blount	kblountck@goodreads.com	Female	65.18.48.24
454	Pall	Le Houx	plehouxcl@instagram.com	Male	53.229.185.203
455	Giorgia	Mokes	gmokescm@amazon.com	Polygender	207.227.20.226
456	Benni	Nunson	bnunsoncn@wikispaces.com	Female	13.96.94.198
457	Noreen	Adamsson	nadamssonco@wired.com	Non-binary	95.188.216.0
458	Bentley	Longforth	blongforthcp@ezinearticles.com	Male	156.51.66.65
459	Marya	McAughtrie	mmcaughtriecq@naver.com	Female	62.183.73.170
460	Theresita	Mepham	tmephamcr@diigo.com	Female	52.59.51.139
461	Paco	Cocklie	pcockliecs@slideshare.net	Agender	23.2.40.85
462	Martie	Hartin	mhartinct@opensource.org	Male	173.100.3.111
463	Burty	Johnstone	bjohnstonecu@nih.gov	Male	232.237.252.51
464	Shandra	Manntschke	smanntschkecv@cyberchimps.com	Female	151.147.15.41
465	Osmund	McGrotty	omcgrottycw@smugmug.com	Male	223.15.34.92
466	Ira	Winsley	iwinsleycx@networkadvertising.org	Female	127.135.21.161
467	Addie	Duval	aduvalcy@networksolutions.com	Male	90.250.233.144
468	Brockie	Standall	bstandallcz@google.com	Male	36.231.218.65
469	Jessee	Spours	jspoursd0@theatlantic.com	Male	
470	Xenos	Servant	xservantd1@bing.com	Male	
471	Ches	Blaylock	cblaylockd2@theatlantic.com	Male	41.153.5.251
472	Winnifred	Lockery	wlockeryd3@cdc.gov	Female	68.29.70.37
473	Crawford	Gleaves	cgleavesd4@unicef.org	Male	46.4.185.92
474	Ferrell	Chasles	fchaslesd5@deviantart.com	Male	76.102.9.241
475	Rriocard	Varey	rvareyd6@hibu.com	Male	88.146.131.218
476	Tracey	Eames	teamesd7@discuz.net	Female	30.21.66.244
477	Ernesto	McQuillen	emcquillend8@booking.com	Male	144.47.116.113
478	Ruperto	Sheen	rsheend9@bing.com	Male	237.28.46.6
479	Hope	Jaegar	hjaegarda@photobucket.com	Female	88.243.148.87
480	Alejoa	Frend	afrenddb@boston.com	Male	215.249.70.98
481	Mildrid	Leinweber	mleinweberdc@adobe.com	Female	13.127.174.80
482	Eolande	O'Hegertie	eohegertiedd@smugmug.com	Female	191.229.247.170
483	Feodor	Clair	fclairde@opera.com	Male	103.30.102.189
484	Virge	Hudel	vhudeldf@disqus.com	Male	227.245.117.45
485	Mariejeanne	Borrows	mborrowsdg@squarespace.com	Female	248.46.197.140
486	Laurie	Stannus	lstannusdh@shareasale.com	Male	218.124.139.140
487	Noelle	Wibberley	nwibberleydi@ucoz.ru	Female	241.108.89.18
488	Bard	Cavell	bcavelldj@tiny.cc	Male	
489	Pablo	Giffon	pgiffondk@dot.gov	Male	249.182.37.157
490	Luigi	Roffey	lroffeydl@fotki.com	Male	6.61.76.240
491	Lowrance	Girvin	lgirvindm@slideshare.net	Male	46.52.252.186
492	Demetri	Abbatini	dabbatinidn@bloglovin.com	Male	233.148.27.197
493	Myrna	Siggery	msiggerydo@ucoz.com	Female	
494	Gustavo	Enser	genserdp@mysql.com	Male	195.147.249.178
495	Modesty	Spurr	mspurrdq@cyberchimps.com	Female	159.88.136.218
496	Loralyn	Postins	lpostinsdr@wunderground.com	Non-binary	174.166.100.175
497	Elmo	Hayball	ehayballds@census.gov	Male	210.135.131.177
498	Chrissie	Rambadt	crambadtdt@smugmug.com	Male	99.12.95.33
499	Marius	Shapira	mshapiradu@yolasite.com	Male	149.212.196.55
500	Allin	Crankhorn	acrankhorndv@utexas.edu	Male	121.126.114.190
501	Gillan	Isaaksohn	gisaaksohndw@google.es	Female	207.84.29.69
502	Bevin	McSpirron	bmcspirrondx@mapquest.com	Male	33.244.103.50
503	Nikolas	Bellany	nbellanydy@japanpost.jp	Male	34.245.158.148
504	Kilian	Ochiltree	kochiltreedz@friendfeed.com	Bigender	32.107.62.216
505	Delia	Seabrooke	dseabrookee0@i2i.jp	Female	8.33.32.218
506	Mort	Poolton	mpooltone1@theatlantic.com	Male	5.67.9.122
507	Andee	Adamsson	aadamssone2@tumblr.com	Female	121.208.23.123
508	Marlena	Braine	mbrainee3@homestead.com	Female	
509	Elysia	Fagge	efaggee4@census.gov	Genderqueer	80.8.122.134
510	Giacomo	Fulun	gfulune5@wikia.com	Non-binary	173.151.118.94
511	Milty	Clewett	mclewette6@npr.org	Male	222.230.217.249
512	Goober	Grishanin	ggrishanine7@example.com	Male	222.250.240.195
513	Lay	Warboy	lwarboye8@prweb.com	Male	77.46.140.108
514	Barnie	Lademann	blademanne9@deviantart.com	Male	128.212.135.204
515	Helenka	Savidge	hsavidgeea@arstechnica.com	Female	20.190.62.91
516	Marven	McMurtyr	mmcmurtyreb@webnode.com	Male	143.244.40.127
517	Hedda	Hudghton	hhudghtonec@ca.gov	Female	152.185.56.199
518	Shirlene	Shoute	sshouteed@technorati.com	Female	163.182.117.36
519	Wally	Gartshore	wgartshoreee@gov.uk	Male	175.126.60.31
520	Garrick	Feifer	gfeiferef@topsy.com	Male	91.127.172.43
521	Worthington	Ambage	wambageeg@indiegogo.com	Genderfluid	152.227.105.211
522	Marcelo	Rostern	mrosterneh@wisc.edu	Male	110.35.1.2
523	Hazel	Roubottom	hroubottomei@scientificamerican.com	Male	96.126.113.115
524	Gaelan	Courtonne	gcourtonneej@archive.org	Male	181.4.29.95
525	Queenie	Rehme	qrehmeek@patch.com	Female	40.80.76.23
526	Grenville	Richten	grichtenel@liveinternet.ru	Male	93.139.18.5
527	Keven	Genner	kgennerem@china.com.cn	Male	167.27.65.156
528	Demott	Sayer	dsayeren@baidu.com	Male	5.113.180.141
529	Sammy	Radborne	sradborneeo@cargocollective.com	Female	214.47.20.69
530	Edy	Sawbridge	esawbridgeep@arstechnica.com	Female	225.148.49.143
531	Gery	Joly	gjolyeq@cnbc.com	Male	220.21.246.63
532	Earlie	Speares	espeareser@purevolume.com	Male	90.122.56.135
533	Nona	Showen	nshowenes@facebook.com	Female	114.93.229.9
534	Lazarus	Shelford	lshelfordet@people.com.cn	Polygender	76.252.221.246
535	Vinni	Pimblott	vpimblotteu@examiner.com	Female	73.175.179.194
536	Dannye	Sergeant	dsergeantev@4shared.com	Female	117.22.238.21
537	Geri	Darrach	gdarrachew@cyberchimps.com	Female	182.2.201.54
538	Abe	Mowsdill	amowsdillex@soundcloud.com	Male	236.174.176.51
539	Miranda	Burgin	mburginey@amazon.co.uk	Female	158.243.232.252
540	Kessia	Shorton	kshortonez@virginia.edu	Female	22.167.15.66
541	Natal	Gavagan	ngavaganf0@yolasite.com	Male	47.63.116.25
542	Gradey	McCoid	gmccoidf1@tinypic.com	Male	72.238.152.135
543	Temp	Pelos	tpelosf2@reverbnation.com	Male	108.176.35.78
544	Fleur	Legging	fleggingf3@xrea.com	Female	101.92.68.151
545	Abram	Gurner	agurnerf4@a8.net	Bigender	128.94.48.34
546	Oralie	Minucci	ominuccif5@baidu.com	Female	202.252.145.160
547	Darbie	Loughney	dloughneyf6@taobao.com	Female	215.110.111.87
548	Trenna	Laverenz	tlaverenzf7@reddit.com	Female	115.145.237.80
549	Gustaf	Olliff	gollifff8@narod.ru	Male	
550	Lyndy	Alvey	lalveyf9@buzzfeed.com	Female	21.123.230.166
551	Glyn	Kempston	gkempstonfa@goodreads.com	Male	100.64.43.84
552	Tommie	Shearme	tshearmefb@webmd.com	Male	226.18.113.40
553	Emelita	Sorton	esortonfc@wordpress.org	Female	
554	Rickert	Birkett	rbirkettfd@huffingtonpost.com	Male	82.49.75.50
555	Thomasa	Behnecken	tbehneckenfe@indiatimes.com	Female	185.253.34.77
556	Farrand	Dibdall	fdibdallff@plala.or.jp	Female	20.39.38.68
557	Maris	Poulglais	mpoulglaisfg@livejournal.com	Female	252.109.146.27
558	Kellyann	Bariball	kbariballfh@earthlink.net	Female	95.29.43.66
559	Bard	Scargill	bscargillfi@indiatimes.com	Male	17.146.236.255
560	Feodora	Allsobrook	fallsobrookfj@berkeley.edu	Female	233.120.231.80
561	Lydia	Mazey	lmazeyfk@mozilla.com	Female	21.242.228.15
562	Umberto	Simenon	usimenonfl@chron.com	Male	74.91.45.95
563	Phip	Nettles	pnettlesfm@sciencedaily.com	Male	117.53.156.233
564	Artemis	Deftie	adeftiefn@networksolutions.com	Male	181.137.64.33
565	Zaneta	Phittiplace	zphittiplacefo@omniture.com	Female	221.189.130.131
566	Pierce	South	psouthfp@springer.com	Male	5.236.212.34
567	Karia	Hinkensen	khinkensenfq@cornell.edu	Female	243.206.147.56
568	Nye	Vineall	nvineallfr@taobao.com	Male	247.48.156.188
569	April	Devall	adevallfs@bizjournals.com	Female	225.187.250.38
570	Dukie	Tenby	dtenbyft@dailymotion.com	Male	208.22.218.185
571	Alie	Battersby	abattersbyfu@blogs.com	Female	9.2.150.36
572	Fancie	Skechley	fskechleyfv@cbslocal.com	Bigender	4.206.26.120
573	Lucais	Baskett	lbaskettfw@unesco.org	Male	34.187.64.201
574	Leonidas	Balchin	lbalchinfx@statcounter.com	Male	147.67.24.192
575	Magdalen	Bishopp	mbishoppfy@yolasite.com	Female	69.168.68.1
576	Wells	Bastable	wbastablefz@sina.com.cn	Male	194.4.127.82
577	Phineas	Shoorbrooke	pshoorbrookeg0@hexun.com	Male	111.193.6.19
578	Jacobo	Jadczak	jjadczakg1@behance.net	Male	211.95.127.86
579	Celisse	Devanney	cdevanneyg2@phoca.cz	Female	75.38.12.175
580	Graig	Cowdrey	gcowdreyg3@mediafire.com	Bigender	214.218.108.218
581	Olivette	Phelp	ophelpg4@google.ru	Female	51.154.114.158
582	Leann	Varvara	lvarvarag5@livejournal.com	Female	114.215.222.120
583	Tamra	Sollars	tsollarsg6@liveinternet.ru	Female	242.89.102.222
584	Alis	Luc	alucg7@163.com	Female	116.76.43.119
585	Andeee	Healeas	ahealeasg8@woothemes.com	Female	145.119.51.86
586	Mortimer	Dungay	mdungayg9@mtv.com	Genderfluid	155.153.202.15
587	Daloris	Gowing	dgowingga@google.co.uk	Bigender	248.105.53.16
588	Wendy	Barden	wbardengb@sphinn.com	Female	
589	Yvon	Braitling	ybraitlinggc@ovh.net	Male	168.76.244.183
590	Dayle	Issacof	dissacofgd@jigsy.com	Female	249.90.35.163
591	Archambault	Crampin	acrampinge@forbes.com	Male	234.237.27.52
592	Chloris	Kubik	ckubikgf@tumblr.com	Female	5.102.167.16
593	Dex	Boyde	dboydegg@squidoo.com	Genderfluid	162.98.234.229
594	Marcellina	Costell	mcostellgh@canalblog.com	Female	77.254.39.26
595	Mathian	Hanstock	mhanstockgi@wsj.com	Male	94.234.185.222
596	Eirena	Mattin	emattingj@state.gov	Female	52.209.108.14
597	Delbert	Rosindill	drosindillgk@zdnet.com	Male	162.144.139.45
598	Tucker	Khadir	tkhadirgl@godaddy.com	Male	
599	Marcellus	MacAnespie	mmacanespiegm@trellian.com	Male	223.254.21.193
600	Benjie	Woofinden	bwoofindengn@bloomberg.com	Male	9.228.68.19
601	Reine	Rickersey	rrickerseygo@webeden.co.uk	Female	40.224.64.245
602	Jobyna	Osbourne	josbournegp@amazonaws.com	Female	152.122.197.208
603	Jacintha	Phillipson	jphillipsongq@si.edu	Female	201.64.182.37
604	Jourdain	Verlinde	jverlindegr@ucsd.edu	Male	98.2.182.155
605	Fredek	Vigours	fvigoursgs@boston.com	Male	234.218.201.11
606	Whittaker	Andrey	wandreygt@cocolog-nifty.com	Male	110.172.28.226
607	Agna	Dillestone	adillestonegu@cyberchimps.com	Agender	215.225.122.134
608	Sanford	Benns	sbennsgv@ask.com	Male	15.185.127.233
609	Dmitri	Cloney	dcloneygw@noaa.gov	Male	115.165.4.79
610	Stefania	Hawick	shawickgx@purevolume.com	Female	60.93.188.52
611	Eleonora	Yallop	eyallopgy@gizmodo.com	Female	219.57.135.149
612	Willy	Grogono	wgrogonogz@chronoengine.com	Male	204.104.172.151
613	Collie	Janout	cjanouth0@mtv.com	Female	155.21.107.235
614	Valera	McLelland	vmclellandh1@mac.com	Female	233.207.117.84
615	Giraldo	Lincoln	glincolnh2@hhs.gov	Male	167.129.204.169
616	Johannah	Leyfield	jleyfieldh3@icio.us	Female	77.185.48.75
617	Goran	Uzelli	guzellih4@webeden.co.uk	Male	102.151.98.52
618	Hildegaard	Novill	hnovillh5@blogs.com	Female	139.183.40.114
619	Ulick	McAree	umcareeh6@livejournal.com	Male	246.186.71.254
620	Enos	MacVaugh	emacvaughh7@irs.gov	Male	85.194.132.182
621	Valaria	Danne	vdanneh8@topsy.com	Female	30.82.144.109
622	Farrell	Sket	fsketh9@fema.gov	Male	73.216.241.22
623	Micheal	Wotton	mwottonha@privacy.gov.au	Male	106.111.166.202
624	Fawne	Potkins	fpotkinshb@psu.edu	Female	82.28.240.153
625	Jacinda	Dudbridge	jdudbridgehc@icio.us	Female	7.23.67.128
626	Pepillo	Ellum	pellumhd@photobucket.com	Polygender	235.178.73.87
627	Lexine	April	laprilhe@geocities.com	Female	8.194.209.1
628	Melva	Fryman	mfrymanhf@home.pl	Female	65.21.33.5
629	Erv	Moncarr	emoncarrhg@craigslist.org	Male	33.41.62.121
630	Caitlin	Bromet	cbromethh@ca.gov	Female	
631	Weber	Aubert	wauberthi@senate.gov	Male	
632	Luella	Hearnah	lhearnahhj@purevolume.com	Female	132.41.12.6
633	Thor	Ivic	tivichk@plala.or.jp	Male	41.13.214.21
634	Kaela	Emmott	kemmotthl@arizona.edu	Female	65.72.18.250
635	Delcine	Hullbrook	dhullbrookhm@seattletimes.com	Female	235.76.178.7
636	Amalee	Faier	afaierhn@auda.org.au	Female	255.67.46.240
637	Elset	Jack	ejackho@nymag.com	Agender	
638	Sullivan	Deaville	sdeavillehp@elegantthemes.com	Male	230.177.212.1
639	Osborne	Dewing	odewinghq@last.fm	Male	248.152.22.182
640	Leonerd	Bendell	lbendellhr@wunderground.com	Male	105.59.106.112
641	Brandea	Jealous	bjealoushs@sciencedaily.com	Female	206.118.37.63
642	Elliott	Stevani	estevaniht@reference.com	Male	127.84.204.24
643	Adela	Beddie	abeddiehu@qq.com	Female	6.86.23.41
644	Elyse	Byfford	ebyffordhv@java.com	Female	224.136.200.78
645	Lemmie	Hlavecek	lhlavecekhw@skype.com	Male	57.110.189.230
646	Pooh	Raffels	praffelshx@ehow.com	Female	87.241.70.36
647	Randy	Sinkins	rsinkinshy@auda.org.au	Male	65.159.92.145
648	Marji	Trump	mtrumphz@imdb.com	Female	134.188.40.160
649	Valentino	Vaughan	vvaughani0@360.cn	Male	102.237.143.68
650	Onfroi	Jablonski	ojablonskii1@xrea.com	Male	246.51.146.87
651	Dasya	Garthshore	dgarthshorei2@lulu.com	Female	185.196.90.28
652	Monah	Rootes	mrootesi3@wordpress.com	Female	48.171.6.20
653	Kalie	Wilton	kwiltoni4@ifeng.com	Female	13.87.128.24
654	Augusto	Hartill	ahartilli5@sciencedaily.com	Male	221.3.68.97
655	Carissa	Scurry	cscurryi6@tamu.edu	Female	
656	Bria	Duchesne	bduchesnei7@elegantthemes.com	Female	44.202.121.35
657	Shelly	Balderston	sbalderstoni8@live.com	Genderqueer	154.66.230.233
658	Noel	Verriour	nverriouri9@google.pl	Polygender	55.198.19.25
659	Reagan	Battye	rbattyeia@narod.ru	Male	105.102.64.11
660	Moselle	Jeandeau	mjeandeauib@nymag.com	Female	217.103.39.154
661	Meggy	Billingsly	mbillingslyic@sbwire.com	Female	216.175.114.207
662	Athene	Savege	asavegeid@sciencedirect.com	Female	232.146.77.230
663	Mirella	Leyshon	mleyshonie@phoca.cz	Non-binary	75.117.88.25
664	Shoshana	Canty	scantyif@reverbnation.com	Female	228.94.135.100
665	Ario	Blair	ablairig@ask.com	Male	245.56.115.198
666	Adora	Fache	afacheih@xing.com	Female	210.132.97.49
667	Minne	Golding	mgoldingii@webnode.com	Female	63.4.69.150
668	Ricardo	Nevinson	rnevinsonij@gnu.org	Male	6.255.236.17
669	Avery	Moralis	amoralisik@privacy.gov.au	Agender	27.148.42.98
670	Leta	Hembling	lhemblingil@lycos.com	Female	46.43.27.141
671	Casey	Gairdner	cgairdnerim@reddit.com	Male	146.219.18.56
672	Giavani	Tellenbrok	gtellenbrokin@google.com.br	Male	100.154.224.14
673	Fabio	Esley	fesleyio@buzzfeed.com	Male	88.138.17.153
674	Marcellina	Coleman	mcolemanip@nature.com	Female	185.72.39.58
675	Nancie	Chisman	nchismaniq@businesswire.com	Female	33.35.231.27
676	Shannan	Heathcoat	sheathcoatir@yolasite.com	Male	121.34.215.22
677	Tybie	Godfroy	tgodfroyis@nps.gov	Female	28.209.124.163
678	Cyndia	Redwing	credwingit@qq.com	Female	50.51.242.62
679	Gaye	Deluca	gdelucaiu@cafepress.com	Female	181.52.198.11
680	Arielle	House	ahouseiv@blinklist.com	Bigender	76.131.211.251
681	Jillayne	Durham	jdurhamiw@webeden.co.uk	Female	42.249.15.126
682	Robenia	Schuricht	rschurichtix@nationalgeographic.com	Female	103.165.170.237
683	Wilma	Lafferty	wlaffertyiy@ameblo.jp	Female	175.226.90.85
684	Peter	Fulker	pfulkeriz@delicious.com	Male	102.202.87.87
685	Conrade	Keedy	ckeedyj0@independent.co.uk	Male	196.213.175.186
686	Bevon	Romaine	bromainej1@pbs.org	Male	98.194.94.152
687	Pippo	Wigan	pwiganj2@dagondesign.com	Male	84.69.218.19
688	Clemente	Axten	caxtenj3@bravesites.com	Male	3.164.90.105
689	Clovis	Broady	cbroadyj4@feedburner.com	Female	164.151.57.251
690	Birgit	Jackett	bjackettj5@smh.com.au	Female	124.147.14.192
691	Kial	Dunkerton	kdunkertonj6@jimdo.com	Female	194.126.174.60
692	Ruperta	Domino	rdominoj7@cam.ac.uk	Female	253.177.144.49
693	Calhoun	Maxwaile	cmaxwailej8@unesco.org	Male	185.5.221.234
694	Stafani	Sedgmond	ssedgmondj9@japanpost.jp	Female	210.234.10.37
695	Skell	Bernardino	sbernardinoja@spiegel.de	Male	251.2.14.103
696	Garvey	Spurr	gspurrjb@xing.com	Male	245.48.34.45
697	Jillayne	Thirlwall	jthirlwalljc@google.com.br	Female	176.143.108.46
698	Micki	MacGiffin	mmacgiffinjd@stanford.edu	Bigender	5.75.67.25
699	Idelle	Braemer	ibraemerje@sphinn.com	Female	11.144.234.111
700	Stu	Martinovsky	smartinovskyjf@mysql.com	Male	95.64.130.84
701	Adolphe	Strond	astrondjg@yellowbook.com	Male	51.121.1.5
702	Gothart	Peddel	gpeddeljh@freewebs.com	Male	253.55.196.221
703	Burk	Stiller	bstillerji@spiegel.de	Male	255.247.199.95
704	Jacquenetta	Stanfield	jstanfieldjj@parallels.com	Female	19.177.173.249
705	Mirella	Sher	msherjk@sciencedaily.com	Genderqueer	90.136.63.150
706	Giselle	Defraine	gdefrainejl@hp.com	Female	132.31.98.137
707	Mead	Vittle	mvittlejm@cmu.edu	Female	68.194.70.114
708	Misti	Suthworth	msuthworthjn@lulu.com	Female	69.179.206.0
709	Emilie	Bootton	eboottonjo@spiegel.de	Female	44.40.176.14
710	Gerrie	Pickrill	gpickrilljp@symantec.com	Female	46.164.90.175
711	Vita	Anetts	vanettsjq@spotify.com	Female	0.112.112.206
712	Buckie	Remirez	bremirezjr@topsy.com	Male	81.59.160.233
713	Dalenna	Pottage	dpottagejs@unicef.org	Female	179.101.127.203
714	Gilburt	Readman	greadmanjt@nationalgeographic.com	Genderqueer	139.32.77.251
715	Isador	Bunhill	ibunhillju@webmd.com	Male	34.189.191.23
716	Leodora	Antat	lantatjv@yelp.com	Female	53.186.16.92
717	Astrid	Kenworthey	akenwortheyjw@walmart.com	Female	22.154.18.228
718	Aldrich	Woodbridge	awoodbridgejx@yahoo.com	Male	85.136.241.136
719	Veronica	Targe	vtargejy@sfgate.com	Female	161.217.229.135
720	Thorsten	Saffin	tsaffinjz@youtube.com	Male	145.194.35.173
721	Ekaterina	Lewinton	elewintonk0@spotify.com	Female	8.15.122.38
722	Joseito	Keely	jkeelyk1@go.com	Male	203.152.178.149
723	Florrie	Thackeray	fthackerayk2@g.co	Female	147.142.134.0
724	Mellisa	Bewshire	mbewshirek3@google.co.jp	Female	55.227.57.174
725	Lorne	Shortell	lshortellk4@dot.gov	Male	153.252.1.131
726	Ollie	Patterson	opattersonk5@discuz.net	Male	107.245.126.168
727	Gelya	De Bernardi	gdebernardik6@omniture.com	Female	198.191.63.216
728	Courtnay	Medley	cmedleyk7@samsung.com	Male	
729	Harriott	Coldrick	hcoldrickk8@opera.com	Female	250.243.85.217
730	Fletcher	Laurenceau	flaurenceauk9@elegantthemes.com	Male	5.132.142.18
731	Lacey	Buchanan	lbuchananka@chronoengine.com	Female	44.254.140.4
732	Man	Ebourne	mebournekb@archive.org	Male	140.64.120.57
733	Fairleigh	Pennetti	fpennettikc@springer.com	Male	188.97.123.112
734	Emmeline	Ganiford	eganifordkd@businessinsider.com	Female	157.67.124.235
735	Demott	Bruhn	dbruhnke@elegantthemes.com	Male	220.133.35.160
736	Leonardo	Stanbridge	lstanbridgekf@parallels.com	Male	52.27.152.164
737	Elberta	Godfree	egodfreekg@amazon.de	Female	194.99.117.212
738	Vivianne	Brookesbie	vbrookesbiekh@youku.com	Female	220.239.248.154
739	Adamo	Orth	aorthki@github.io	Male	101.139.36.60
740	Corliss	Van der Hoven	cvanderhovenkj@newsvine.com	Female	223.142.85.0
741	Elwood	Birkwood	ebirkwoodkk@stumbleupon.com	Male	161.102.37.23
742	Cordi	Capstake	ccapstakekl@amazon.de	Female	59.52.143.105
743	Charlot	Behnecke	cbehneckekm@gravatar.com	Female	128.86.194.52
744	Eudora	Harmeston	eharmestonkn@youtube.com	Female	61.120.141.191
745	Gregor	Lardge	glardgeko@shutterfly.com	Male	95.162.98.39
746	Darby	McShane	dmcshanekp@gnu.org	Male	158.128.217.80
747	Vinson	Ballendine	vballendinekq@gnu.org	Male	254.185.124.190
748	Clarissa	Climo	cclimokr@wufoo.com	Bigender	58.70.74.242
749	Phillip	Shew	pshewks@taobao.com	Genderqueer	46.243.217.211
750	Mahalia	Maffiotti	mmaffiottikt@bloomberg.com	Female	159.27.126.184
751	Marty	Pridgeon	mpridgeonku@tinypic.com	Female	28.57.34.131
752	Astra	Bricklebank	abricklebankkv@reuters.com	Female	219.86.12.98
753	Matthieu	McKelvey	mmckelveykw@dion.ne.jp	Male	128.151.124.166
754	Rayshell	Bedenham	rbedenhamkx@mac.com	Female	247.92.151.64
755	Jed	Baswall	jbaswallky@latimes.com	Male	196.155.31.167
756	Davon	Norgan	dnorgankz@vimeo.com	Male	115.254.165.27
757	Kai	Orritt	korrittl0@scribd.com	Female	201.57.80.142
758	Leah	Tudball	ltudballl1@nasa.gov	Female	148.38.114.32
759	Grethel	Castri	gcastril2@weather.com	Agender	217.95.73.186
760	Ania	Gallihaulk	agallihaulkl3@stumbleupon.com	Female	41.83.182.43
761	Brook	Edlyn	bedlynl4@yale.edu	Male	119.120.243.201
762	Aurilia	Etoile	aetoilel5@prweb.com	Female	201.194.121.118
763	Pietra	Gaish	pgaishl6@slideshare.net	Female	102.240.180.35
764	Fianna	Caulcott	fcaulcottl7@comcast.net	Female	46.128.117.193
765	Lorraine	Jarman	ljarmanl8@globo.com	Female	194.136.16.212
766	Andres	Loding	alodingl9@msn.com	Male	67.42.113.193
767	Andreana	Luetkemeyer	aluetkemeyerla@loc.gov	Female	143.73.44.103
768	Silvanus	Fitzpatrick	sfitzpatricklb@usnews.com	Bigender	218.49.82.242
769	Pattin	Pieterick	ppietericklc@mashable.com	Male	225.248.91.195
770	Riobard	Lightbourn	rlightbournld@xinhuanet.com	Male	48.132.33.44
771	Rowney	Garwill	rgarwillle@dailymotion.com	Male	172.98.221.125
772	Karin	Cromar	kcromarlf@webnode.com	Female	25.64.40.76
773	Giana	Kemmey	gkemmeylg@bizjournals.com	Non-binary	188.16.10.221
774	Dana	Scoates	dscoateslh@cyberchimps.com	Male	95.80.189.18
775	Tamiko	Borg	tborgli@wufoo.com	Female	66.192.90.53
776	Yoshi	Coils	ycoilslj@ehow.com	Female	98.254.252.89
777	Frankie	Dellenbach	fdellenbachlk@java.com	Non-binary	114.40.67.216
778	Jere	Baukham	jbaukhamll@chron.com	Female	172.227.56.26
779	Dorette	Witz	dwitzlm@blogs.com	Polygender	145.193.234.97
780	Osmond	Warmington	owarmingtonln@abc.net.au	Male	148.136.147.222
781	Hernando	Rathke	hrathkelo@un.org	Male	143.20.81.4
782	Wyn	Stelfax	wstelfaxlp@sciencedirect.com	Male	205.165.162.97
783	Xymenes	Walesby	xwalesbylq@cbc.ca	Male	19.3.222.219
784	Trueman	Roser	troserlr@census.gov	Male	30.97.79.235
785	Randa	Sommerville	rsommervillels@instagram.com	Bigender	26.29.10.137
786	Cornie	Mitchenson	cmitchensonlt@smugmug.com	Male	158.254.237.255
787	Bron	Linnock	blinnocklu@google.ca	Genderfluid	123.95.196.65
788	Brynne	Lincey	blinceylv@java.com	Female	198.118.37.157
789	Eugine	Shenton	eshentonlw@studiopress.com	Female	2.190.118.47
790	Raffaello	Elan	relanlx@berkeley.edu	Male	247.43.216.175
791	Niccolo	Danson	ndansonly@posterous.com	Male	
792	Gwendolin	Reeson	greesonlz@privacy.gov.au	Female	170.47.213.42
793	Pepita	McCusker	pmccuskerm0@geocities.jp	Genderfluid	47.128.131.149
794	Marcel	Cowing	mcowingm1@meetup.com	Male	199.24.192.26
795	Mirabelle	Mandre	mmandrem2@dagondesign.com	Non-binary	
796	Bryana	Skpsey	bskpseym3@un.org	Female	73.118.10.128
797	Antonetta	Jakobssen	ajakobssenm4@about.com	Female	116.17.71.6
798	Harman	Esslement	hesslementm5@boston.com	Male	159.148.195.123
799	Kristyn	Johncey	kjohnceym6@noaa.gov	Female	174.42.17.120
800	Avis	De Gouy	adegouym7@networksolutions.com	Female	123.105.185.22
801	Sasha	Dodwell	sdodwellm8@engadget.com	Male	74.123.115.58
802	Billy	Allawy	ballawym9@cmu.edu	Male	124.78.198.17
803	Zonnya	Josupeit	zjosupeitma@msu.edu	Female	14.197.200.221
804	Bay	Timby	btimbymb@weather.com	Male	73.105.149.128
805	Rebekah	Ascrofte	rascroftemc@spotify.com	Female	137.246.11.2
806	Paten	Duckhouse	pduckhousemd@taobao.com	Polygender	62.100.232.83
807	Prudence	Woodruffe	pwoodruffeme@archive.org	Female	230.240.107.30
808	Alberto	Tonn	atonnmf@symantec.com	Male	4.146.217.192
809	Pooh	Burkert	pburkertmg@unesco.org	Female	240.9.83.239
810	Catlee	Dayley	cdayleymh@wp.com	Female	125.79.251.64
811	Cameron	Selesnick	cselesnickmi@arstechnica.com	Male	157.212.254.24
812	Perren	Franks	pfranksmj@msn.com	Male	235.34.40.105
813	Claudio	Tilliards	ctilliardsmk@disqus.com	Male	188.19.56.183
814	Niles	MacCollom	nmaccollomml@zimbio.com	Male	115.238.212.122
815	Catherine	MacGowing	cmacgowingmm@va.gov	Female	165.8.213.6
816	Nessie	Tiron	ntironmn@hud.gov	Non-binary	73.205.141.30
817	Uriel	Sollime	usollimemo@simplemachines.org	Male	156.185.129.178
818	Della	Antoniat	dantoniatmp@statcounter.com	Female	143.102.154.56
819	Jedidiah	Koch	jkochmq@devhub.com	Male	173.148.31.218
820	Valeda	Boskell	vboskellmr@tuttocitta.it	Female	41.230.77.234
821	Findlay	Joselson	fjoselsonms@e-recht24.de	Male	2.106.220.182
822	Hieronymus	Orneles	hornelesmt@gravatar.com	Male	
823	Alix	O'Kerin	aokerinmu@bizjournals.com	Female	109.57.116.54
824	Tana	Venable	tvenablemv@icq.com	Female	46.176.144.151
825	Jamie	Tunstall	jtunstallmw@wiley.com	Male	61.59.2.107
826	Glory	Tunnicliff	gtunnicliffmx@princeton.edu	Female	117.70.149.191
827	Ramsey	Serrell	rserrellmy@com.com	Male	184.41.232.243
828	Alys	Odhams	aodhamsmz@ftc.gov	Female	197.180.178.212
829	Freemon	Le Sieur	flesieurn0@army.mil	Male	94.110.135.29
830	Ephrayim	MacNab	emacnabn1@rambler.ru	Male	48.181.139.219
831	Annora	Bosward	aboswardn2@samsung.com	Female	109.38.35.133
832	Pennie	Massen	pmassenn3@businessinsider.com	Female	141.22.165.155
833	Wash	Coton	wcotonn4@odnoklassniki.ru	Male	157.145.2.6
834	Allegra	Guyonnet	aguyonnetn5@loc.gov	Female	190.190.60.79
835	Burl	Creffeild	bcreffeildn6@nationalgeographic.com	Male	167.47.150.211
836	Glori	Lovie	glovien7@mtv.com	Female	248.12.38.169
837	Darbie	Mandrey	dmandreyn8@csmonitor.com	Female	112.74.61.153
838	Lynn	Hundal	lhundaln9@uol.com.br	Female	37.70.201.147
839	Sampson	Coom	scoomna@vk.com	Male	213.64.95.255
840	Edy	Stovine	estovinenb@smh.com.au	Female	169.150.9.64
841	Linea	Ferrari	lferrarinc@fc2.com	Female	32.37.34.153
842	Kristoforo	Domesday	kdomesdaynd@ucsd.edu	Male	205.252.99.47
843	Gaylor	Dransfield	gdransfieldne@un.org	Male	239.67.147.163
844	Torrin	Barreau	tbarreaunf@weibo.com	Male	10.179.139.109
845	Willa	Phorsby	wphorsbyng@facebook.com	Female	20.2.14.33
846	Theressa	Rosthorn	trosthornnh@shinystat.com	Female	195.2.242.127
847	Shelley	Vasilmanov	svasilmanovni@live.com	Male	29.23.129.71
848	Antoni	Betteriss	abetterissnj@scribd.com	Male	158.182.98.85
849	Bancroft	Dumphrey	bdumphreynk@histats.com	Male	71.124.125.66
850	Hastie	McLean	hmcleannl@virginia.edu	Male	226.245.38.213
851	Steffi	Deverall	sdeverallnm@nsw.gov.au	Female	250.28.110.228
852	Chickie	Agates	cagatesnn@netlog.com	Female	165.170.93.59
853	Wendie	Wedmore.	wwedmoreno@jalbum.net	Female	6.73.199.185
854	Nicki	De Clairmont	ndeclairmontnp@networkadvertising.org	Female	242.123.195.31
855	Elsworth	Francois	efrancoisnq@gravatar.com	Male	114.60.179.226
856	Meryl	Waplinton	mwaplintonnr@nih.gov	Male	223.215.117.71
857	Gwenny	Brewer	gbrewerns@apple.com	Female	124.203.200.98
858	Irma	Odhams	iodhamsnt@army.mil	Polygender	13.78.250.187
859	Olly	Killigrew	okilligrewnu@last.fm	Bigender	200.195.165.247
860	Domingo	Blindermann	dblindermannnv@yahoo.com	Male	163.181.190.96
861	Willie	Chadbourne	wchadbournenw@sphinn.com	Agender	21.205.99.215
862	Robenia	Ailmer	railmernx@yale.edu	Female	172.96.139.21
863	Stephana	Rich	srichny@netvibes.com	Female	203.14.89.188
864	Ibrahim	Owbridge	iowbridgenz@free.fr	Male	108.117.93.131
865	Bil	Sheals	bshealso0@google.co.uk	Polygender	67.5.66.123
866	Cookie	Cavanagh	ccavanagho1@nydailynews.com	Female	180.64.172.104
867	Joanie	Kunisch	jkunischo2@typepad.com	Female	35.210.252.132
868	Isabella	Edmand	iedmando3@miibeian.gov.cn	Female	12.251.118.120
869	Auroora	Callan	acallano4@adobe.com	Female	115.247.174.250
870	Kerstin	Riddle	kriddleo5@issuu.com	Female	44.85.209.123
871	Clywd	Whitehair	cwhitehairo6@pcworld.com	Male	35.244.128.21
872	Dynah	Greasty	dgreastyo7@un.org	Female	160.111.46.80
873	Lawry	Colhoun	lcolhouno8@istockphoto.com	Male	137.23.183.153
874	Beverie	Yanin	byanino9@who.int	Female	115.228.151.68
875	Annadiana	Gusney	agusneyoa@nymag.com	Female	
876	Duff	Kimmitt	dkimmittob@jigsy.com	Male	105.180.249.59
877	Francesco	Lambrick	flambrickoc@rambler.ru	Male	72.170.151.183
878	Devon	Ostrich	dostrichod@trellian.com	Female	199.8.242.211
879	Alair	Dedmam	adedmamoe@amazon.co.uk	Male	150.99.254.180
880	Wood	Cosstick	wcosstickof@google.com	Male	140.194.237.72
881	Arluene	Tumbridge	atumbridgeog@uol.com.br	Female	226.75.189.247
882	Lizzy	Gilson	lgilsonoh@facebook.com	Female	255.237.140.191
883	Valaria	Oake	voakeoi@hc360.com	Agender	228.69.78.83
884	Hercule	Shenfish	hshenfishoj@epa.gov	Male	41.207.48.128
885	Geralda	Cordel	gcordelok@ustream.tv	Female	8.109.46.161
886	Merrick	Bescoby	mbescobyol@blog.com	Genderfluid	229.3.65.82
887	Barris	Dykas	bdykasom@usnews.com	Male	195.142.111.210
888	Shelli	Trenholm	strenholmon@nationalgeographic.com	Female	237.188.34.160
889	Arden	Sager	asageroo@usa.gov	Female	182.126.21.242
890	Fabe	Estcot	festcotop@acquirethisname.com	Male	232.105.195.229
891	Raeann	Tremonte	rtremonteoq@hp.com	Female	78.219.254.151
892	Alano	Woollett	awoollettor@intel.com	Male	143.178.41.239
893	Remington	Kilbourne	rkilbourneos@illinois.edu	Male	
894	Tildie	Brickell	tbrickellot@howstuffworks.com	Female	235.110.70.226
895	Edi	Harte	eharteou@free.fr	Female	206.159.188.76
896	Sarina	Tooting	stootingov@lulu.com	Female	239.3.202.120
897	Concettina	Gerrish	cgerrishow@wp.com	Female	221.23.163.196
898	Jan	Pressman	jpressmanox@vimeo.com	Male	115.25.184.2
899	Lauren	Martin	lmartinoy@symantec.com	Female	219.209.88.191
900	Davis	Furmston	dfurmstonoz@smugmug.com	Male	188.231.139.84
901	Sly	Koppen	skoppenp0@reddit.com	Male	8.248.203.189
902	Ricky	McCrie	rmccriep1@diigo.com	Male	
903	Frederigo	Wint	fwintp2@china.com.cn	Male	177.18.55.137
904	Kari	Wolters	kwoltersp3@technorati.com	Female	0.92.13.177
905	Feliks	Gibberd	fgibberdp4@ehow.com	Male	169.57.126.56
906	Hilde	Aldrin	haldrinp5@icio.us	Female	117.52.205.214
907	Leroy	McTavy	lmctavyp6@engadget.com	Bigender	252.95.65.218
908	Benedikt	McRannell	bmcrannellp7@wufoo.com	Male	184.192.73.124
909	Ronda	Beelby	rbeelbyp8@salon.com	Female	3.43.212.107
910	Bealle	Branchet	bbranchetp9@usa.gov	Male	135.27.124.143
911	Oneida	Lethieulier	olethieulierpa@ask.com	Female	177.116.168.38
912	Valida	Inker	vinkerpb@xrea.com	Female	106.92.216.242
913	Callie	D'Oyly	cdoylypc@adobe.com	Female	252.82.211.141
914	Chester	Wiltshier	cwiltshierpd@reference.com	Male	5.156.202.0
915	Stefania	Brinkworth	sbrinkworthpe@oracle.com	Female	251.221.59.87
916	Roanna	Hacquard	rhacquardpf@illinois.edu	Female	55.190.217.34
917	Daryl	Babst	dbabstpg@youku.com	Male	80.49.243.126
918	Vicki	Ludwell	vludwellph@flickr.com	Female	122.59.16.196
919	Kinny	Comiskey	kcomiskeypi@whitehouse.gov	Male	252.4.242.34
920	Andreas	Winspire	awinspirepj@chronoengine.com	Male	177.208.139.45
921	Wallie	Adriaan	wadriaanpk@example.com	Male	139.17.5.82
922	Corri	Pedersen	cpedersenpl@flavors.me	Female	69.39.205.100
923	Aundrea	Biesterfeld	abiesterfeldpm@joomla.org	Female	
924	Khalil	Huonic	khuonicpn@engadget.com	Male	58.74.110.103
925	Millicent	Uff	muffpo@ox.ac.uk	Female	126.243.107.147
926	Jess	Hovard	jhovardpp@examiner.com	Bigender	194.183.41.66
927	Ted	Chipps	tchippspq@shutterfly.com	Male	63.10.154.252
928	Reginald	Polden	rpoldenpr@4shared.com	Male	194.49.0.243
929	Lindsey	Maddocks	lmaddocksps@phpbb.com	Female	232.171.228.21
930	Jarret	Chadbourne	jchadbournept@skype.com	Male	20.15.38.53
931	Nahum	Keele	nkeelepu@51.la	Male	192.196.52.224
932	Rochell	Idle	ridlepv@time.com	Female	177.140.222.75
933	Emmett	Pawson	epawsonpw@nymag.com	Male	144.226.147.120
934	Gilbert	McColl	gmccollpx@stanford.edu	Male	5.88.82.138
935	Zaneta	Botha	zbothapy@npr.org	Female	26.8.136.52
936	Winston	Gowrich	wgowrichpz@163.com	Male	10.19.214.108
937	Liva	Kramer	lkramerq0@state.gov	Female	182.228.160.104
938	Langsdon	Skullet	lskulletq1@free.fr	Male	88.104.170.176
939	Mirilla	Pactat	mpactatq2@php.net	Female	57.181.59.217
940	Al	Leyzell	aleyzellq3@dion.ne.jp	Male	178.241.38.71
941	Ermanno	Cassely	ecasselyq4@noaa.gov	Male	79.133.188.104
942	Adlai	Simioli	asimioliq5@businesswire.com	Non-binary	151.169.24.18
943	Benito	Hearley	bhearleyq6@elpais.com	Male	70.216.163.204
944	Torre	Ebbings	tebbingsq7@nationalgeographic.com	Male	90.77.206.196
945	Larissa	Liggins	lligginsq8@delicious.com	Female	99.86.63.44
946	Dur	Treagust	dtreagustq9@hao123.com	Male	53.106.44.76
947	Eddy	Forstall	eforstallqa@goodreads.com	Female	98.89.113.156
948	Cobbie	Merrikin	cmerrikinqb@google.ca	Male	33.117.206.233
949	Cathi	Ghest	cghestqc@slideshare.net	Female	45.159.109.119
950	Devondra	Renackowna	drenackownaqd@eepurl.com	Genderfluid	215.73.43.181
951	Derrick	Moorman	dmoormanqe@meetup.com	Male	253.66.170.98
952	Jeno	Lovatt	jlovattqf@yellowbook.com	Male	30.150.233.186
953	Darwin	Bohman	dbohmanqg@slideshare.net	Male	139.233.163.207
954	Chan	Godly	cgodlyqh@twitpic.com	Non-binary	254.185.64.144
955	Lari	Pallasch	lpallaschqi@msn.com	Female	211.117.104.176
956	Goldina	Hauxby	ghauxbyqj@rambler.ru	Genderfluid	39.183.206.205
957	Adam	Renne	arenneqk@wsj.com	Male	124.43.39.192
958	Donnell	Menghi	dmenghiql@4shared.com	Male	92.46.113.167
959	Howey	Rozycki	hrozyckiqm@prweb.com	Male	186.133.213.94
960	Lloyd	Farmar	lfarmarqn@purevolume.com	Male	10.72.205.114
961	Kary	Kemston	kkemstonqo@bandcamp.com	Female	93.219.177.182
962	Heinrik	MacCaughey	hmaccaugheyqp@marketwatch.com	Male	191.127.169.184
963	Christin	Earl	cearlqq@ycombinator.com	Female	135.12.129.27
964	Danni	Byford	dbyfordqr@samsung.com	Female	118.99.133.45
965	Emalee	Zavittieri	ezavittieriqs@freewebs.com	Female	96.173.122.209
966	Kalvin	Scini	ksciniqt@wiley.com	Male	41.200.89.97
967	Lyndel	McQuaker	lmcquakerqu@fc2.com	Female	190.227.25.96
968	Dane	Billett	dbillettqv@sogou.com	Male	253.66.135.121
969	Alvinia	Mccaull	amccaullqw@feedburner.com	Female	13.150.70.157
970	Tannie	Ashpital	tashpitalqx@amazon.de	Male	198.145.39.15
971	Frants	Lambswood	flambswoodqy@cnet.com	Male	73.5.83.98
972	Christabella	Ivory	civoryqz@fastcompany.com	Female	77.202.80.0
973	Pearce	Sellors	psellorsr0@census.gov	Male	131.249.234.103
974	Zacharie	Bawden	zbawdenr1@hibu.com	Male	222.243.101.38
975	Granthem	Balaisot	gbalaisotr2@census.gov	Male	10.56.36.38
976	Dimitry	Tofpik	dtofpikr3@lycos.com	Male	45.39.216.56
977	Danica	Wannan	dwannanr4@weebly.com	Female	193.185.103.14
978	Kenton	Cathie	kcathier5@nih.gov	Male	252.81.183.17
979	Corrine	Stallybrass	cstallybrassr6@senate.gov	Female	232.85.26.112
980	Darrin	Dran	ddranr7@msu.edu	Male	51.203.117.158
981	Berkeley	Montier	bmontierr8@ehow.com	Male	147.67.150.29
982	Mahalia	Folini	mfolinir9@feedburner.com	Female	185.11.242.142
983	Friedrich	Engeham	fengehamra@smugmug.com	Male	134.151.78.28
984	Justine	Fancy	jfancyrb@bbb.org	Female	
985	Jessica	Beane	jbeanerc@ihg.com	Female	97.52.63.94
986	Mathias	Lejeune	mlejeunerd@yahoo.com	Male	242.43.194.105
987	Amitie	Boik	aboikre@google.com.br	Female	151.178.224.50
988	Malynda	Upfold	mupfoldrf@archive.org	Female	14.125.4.127
989	Carver	Stallion	cstallionrg@uol.com.br	Male	53.233.196.71
990	Che	Stainbridge	cstainbridgerh@ask.com	Male	9.79.160.72
991	Erhart	Dunston	edunstonri@myspace.com	Male	
992	Gay	Skyrm	gskyrmrj@tinypic.com	Male	234.111.196.238
993	Rahal	Ropars	rroparsrk@multiply.com	Female	207.14.222.245
994	Laurice	Frostdicke	lfrostdickerl@behance.net	Non-binary	212.41.115.77
995	Arny	Tourner	atournerrm@yale.edu	Male	189.138.55.157
996	Phaedra	Lansly	planslyrn@squarespace.com	Female	223.46.65.131
997	Demetre	Littell	dlittellro@princeton.edu	Male	117.180.57.27
998	Rufe	Disman	rdismanrp@cdc.gov	Male	29.211.98.244
999	Egbert	Spenley	espenleyrq@cbsnews.com	Male	126.239.110.53
1000	Tobin	Stratten	tstrattenrr@baidu.com	Male	157.192.181.220
